{"0xe0b22e0037b130a9f56bbb537684e6fa18192341":0.902959,"0x20d3922b4a1a8560e1ac99fba4fade0c849e2142":3370.35,"0x823cd4264c1b951c9209ad0deaea9988fe8429bf":209.75,"0x98ea609569bd25119707451ef982b90e3eb719cd":25.19,"0xdae5f1590db13e3b40423b5b5c5fbf175515910b":0.718756,"0x9719d867a500ef117cc201206b8ab51e794d3f82":0.956542,"0xf4b8888427b00d7caf21654408b7cba2ecf4ebd9":0.988246,"0x8c8bdbe9cee455732525086264a4bf9cf821c498":14.64,"0xe20f7d1f0ec39c4d5db01f53554f2ef54c71f613":35432,"0x27f8d03b3a2196956ed754badc28d73be8830a6e":1,"0x28424507fefb6f7f8e9d3860f56504e4e5f5f390":3167.16,"0x1d2a0e5ec8e5bbdca5cb219e649b565d8e5c3360":214.27,"0x60d55f02a771d515e077c9c2403a1ef324885cec":1,"0x1a13f4ca1d028320a707d99520abfefca3998b7f":0.992237,"0x5c2ed810328349100a66b82b78a1791b101c9d61":41931,"0x8df3aad3a84da6b69a4da8aec3ea40d9091b2ac4":2.17,"0x0d500b1d8e8ef31e21c99d1db9a6444d3adf1270":2.14}